target,comparison,delta_f1,ci95_low,ci95_high
label_attack,M4 - M3,0.24402146294801652,0.09915314262283635,0.45988017471956727
label_attack,M4 - M4-no-KIE,0.0033420126823512364,-0.0023364701285981224,0.010309278350515427
label_attack,M4 - M4-no-peer,8.115996316582219e-05,-0.0051697542732492665,0.004411994143297212
label_attack,M4 - M4-no-time,0.0018072927377991155,-0.0031329666416844925,0.008461928803055916
label_attack,M4 - Drep-only,0.3751305628328282,0.12600699881520736,0.6604557968034142
label_falsification,M4 - M3,0.6615362276753303,0.42826802133503167,0.8907788825757574
label_falsification,M4 - M4-no-KIE,-0.010351863833175767,-0.038326499997126166,0.004764300644115482
label_falsification,M4 - M4-no-peer,-0.010773412404250116,-0.033078743720796215,0.0
label_falsification,M4 - M4-no-time,-0.017419001642362986,-0.045925209925209876,-0.00024369724609987658
label_falsification,M4 - Drep-only,0.004204330460374162,-0.06203208556149734,0.04363019584302481
