target,model,scenario,threshold,n,tp,fp,tn,fn,precision,recall,fpr,f1,auc,average_precision,detected_episodes,missed_episodes,delay_mean_s,delay_p95_s
label_attack,M0,ALL,0.8612866934844194,3456,156,5,3163,132,0.968944099378882,0.5416666666666666,0.0015782828282828283,0.6948775055679287,0.8086589637696409,0.6844796149326984,9,3,33.333333333333336,96.0
label_attack,M0,DoS,0.8612866934844194,576,71,2,502,1,0.9726027397260274,0.9861111111111112,0.003968253968253968,0.9793103448275862,0.999944885361552,0.9996246246246246,3,0,5.0,5.0
label_attack,M0,compromised-NF,0.8612866934844194,576,72,0,504,0,1.0,1.0,0.0,1.0,1.0,0.9999999999999998,3,0,5.0,5.0
label_attack,M0,falsified-report,0.8612866934844194,576,0,3,501,72,0.0,0.0,0.005952380952380952,0.0,0.4689980158730159,0.15577608670564735,0,3,,
label_attack,M0,load-spike,0.8612866934844194,576,0,0,576,0,,,0.0,,,,0,0,,
label_attack,M0,low-and-slow,0.8612866934844194,576,13,0,504,59,1.0,0.18055555555555555,0.0,0.3058823529411765,0.6800319664902997,0.5330515246678986,3,0,90.0,99.0
label_attack,M0,normal,0.8612866934844194,576,0,0,576,0,,,0.0,,,,0,0,,
label_attack,M1,ALL,0.5311454931931094,3456,170,10,3158,118,0.9444444444444444,0.5902777777777778,0.0031565656565656565,0.7264957264957265,0.8150121001683501,0.6768451135263887,10,2,22.0,66.49999999999997
label_attack,M1,DoS,0.5311454931931094,576,72,3,501,0,0.96,1.0,0.005952380952380952,0.9795918367346939,1.0,1.0,3,0,5.0,5.0
label_attack,M1,compromised-NF,0.5311454931931094,576,72,1,503,0,0.9863013698630136,1.0,0.001984126984126984,0.993103448275862,1.0,1.0,3,0,5.0,5.0
label_attack,M1,falsified-report,0.5311454931931094,576,1,5,499,71,0.16666666666666666,0.013888888888888888,0.00992063492063492,0.02564102564102564,0.46282517636684295,0.12463124770490527,1,2,50.0,50.0
label_attack,M1,load-spike,0.5311454931931094,576,0,0,576,0,,,0.0,,,,0,0,,
label_attack,M1,low-and-slow,0.5311454931931094,576,25,1,503,47,0.9615384615384616,0.3472222222222222,0.001984126984126984,0.5102040816326531,0.693259479717813,0.5243822861507883,3,0,46.666666666666664,76.5
label_attack,M1,normal,0.5311454931931094,576,0,0,576,0,,,0.0,,,,0,0,,
label_attack,M2,ALL,0.607817754643007,3456,169,3,3165,119,0.9825581395348837,0.5868055555555556,0.000946969696969697,0.7347826086956522,0.8118314218574635,0.6808228974870967,10,2,29.5,85.49999999999999
label_attack,M2,DoS,0.607817754643007,576,72,0,504,0,1.0,1.0,0.0,1.0,1.0,1.0,3,0,5.0,5.0
label_attack,M2,compromised-NF,0.607817754643007,576,72,0,504,0,1.0,1.0,0.0,1.0,1.0,1.0,3,0,5.0,5.0
label_attack,M2,falsified-report,0.607817754643007,576,1,3,501,71,0.25,0.013888888888888888,0.005952380952380952,0.02631578947368421,0.4408344356261023,0.1238986277413591,1,2,50.0,50.0
label_attack,M2,load-spike,0.607817754643007,576,0,0,576,0,,,0.0,,,,0,0,,
label_attack,M2,low-and-slow,0.607817754643007,576,24,0,504,48,1.0,0.3333333333333333,0.0,0.5,0.6944168871252204,0.5350342691851581,3,0,71.66666666666667,89.0
label_attack,M2,normal,0.607817754643007,576,0,0,576,0,,,0.0,,,,0,0,,
label_attack,M3,ALL,0.4458361417424886,3456,173,11,3157,115,0.9402173913043478,0.6006944444444444,0.003472222222222222,0.7330508474576272,0.8116604412177328,0.6783614776390041,10,2,26.0,71.99999999999996
label_attack,M3,DoS,0.4458361417424886,576,72,0,504,0,1.0,1.0,0.0,1.0,1.0,1.0,3,0,5.0,5.0
label_attack,M3,compromised-NF,0.4458361417424886,576,72,1,503,0,0.9863013698630136,1.0,0.001984126984126984,0.993103448275862,1.0,1.0,3,0,5.0,5.0
label_attack,M3,falsified-report,0.4458361417424886,576,2,8,496,70,0.2,0.027777777777777776,0.015873015873015872,0.04878048780487805,0.4358741181657848,0.1159001041080773,1,2,45.0,45.0
label_attack,M3,load-spike,0.4458361417424886,576,0,0,576,0,,,0.0,,,,0,0,,
label_attack,M3,low-and-slow,0.4458361417424886,576,27,2,502,45,0.9310344827586207,0.375,0.003968253968253968,0.5346534653465347,0.7001488095238095,0.5388180009518567,3,0,61.666666666666664,86.0
label_attack,M3,normal,0.4458361417424886,576,0,0,576,0,,,0.0,,,,0,0,,
label_attack,M4,ALL,0.6550108490073162,3456,277,2,3166,11,0.992831541218638,0.9618055555555556,0.0006313131313131314,0.9770723104056437,0.9862053696689114,0.9807981453588203,12,0,9.166666666666666,22.249999999999996
label_attack,M4,DoS,0.6550108490073162,576,72,0,504,0,1.0,1.0,0.0,1.0,1.0,1.0,3,0,5.0,5.0
label_attack,M4,compromised-NF,0.6550108490073162,576,72,0,504,0,1.0,1.0,0.0,1.0,1.0,0.9999999999999999,3,0,5.0,5.0
label_attack,M4,falsified-report,0.6550108490073162,576,72,0,504,0,1.0,1.0,0.0,1.0,1.0,1.0,3,0,5.0,5.0
label_attack,M4,load-spike,0.6550108490073162,576,0,1,575,0,0.0,,0.001736111111111111,0.0,,,0,0,,
label_attack,M4,low-and-slow,0.6550108490073162,576,61,1,503,11,0.9838709677419355,0.8472222222222222,0.001984126984126984,0.9104477611940298,0.9397321428571429,0.9276832768477915,3,0,21.666666666666668,24.5
label_attack,M4,normal,0.6550108490073162,576,0,0,576,0,,,0.0,,,,0,0,,
label_attack,M4-no-KIE,ALL,0.6047385647552475,3456,278,5,3163,10,0.9823321554770318,0.9652777777777778,0.0015782828282828283,0.9737302977232924,0.9873003033810325,0.981513481586064,12,0,9.166666666666666,22.249999999999996
label_attack,M4-no-KIE,DoS,0.6047385647552475,576,72,1,503,0,0.9863013698630136,1.0,0.001984126984126984,0.993103448275862,1.0,1.0,3,0,5.0,5.0
label_attack,M4-no-KIE,compromised-NF,0.6047385647552475,576,72,1,503,0,0.9863013698630136,1.0,0.001984126984126984,0.993103448275862,1.0,0.9999999999999996,3,0,5.0,5.0
label_attack,M4-no-KIE,falsified-report,0.6047385647552475,576,72,0,504,0,1.0,1.0,0.0,1.0,1.0,1.0,3,0,5.0,5.0
label_attack,M4-no-KIE,load-spike,0.6047385647552475,576,0,2,574,0,0.0,,0.003472222222222222,0.0,,,0,0,,
label_attack,M4-no-KIE,low-and-slow,0.6047385647552475,576,62,1,503,10,0.9841269841269841,0.8611111111111112,0.001984126984126984,0.9185185185185185,0.9462081128747795,0.9318127311285007,3,0,21.666666666666668,24.5
label_attack,M4-no-KIE,normal,0.6047385647552475,576,0,0,576,0,,,0.0,,,,0,0,,
label_attack,M4-no-peer,ALL,0.6663072949120264,3456,276,1,3167,12,0.9963898916967509,0.9583333333333334,0.0003156565656565657,0.9769911504424779,0.9865648674242424,0.9810083776402344,12,0,10.0,27.249999999999996
label_attack,M4-no-peer,DoS,0.6663072949120264,576,72,0,504,0,1.0,1.0,0.0,1.0,1.0,1.0,3,0,5.0,5.0
label_attack,M4-no-peer,compromised-NF,0.6663072949120264,576,72,0,504,0,1.0,1.0,0.0,1.0,1.0,1.0,3,0,5.0,5.0
label_attack,M4-no-peer,falsified-report,0.6663072949120264,576,72,0,504,0,1.0,1.0,0.0,1.0,1.0,1.0,3,0,5.0,5.0
label_attack,M4-no-peer,load-spike,0.6663072949120264,576,0,1,575,0,0.0,,0.001736111111111111,0.0,,,0,0,,
label_attack,M4-no-peer,low-and-slow,0.6663072949120264,576,60,0,504,12,1.0,0.8333333333333334,0.0,0.9090909090909091,0.9422949735449736,0.9284730184000326,3,0,25.0,29.5
label_attack,M4-no-peer,normal,0.6663072949120264,576,0,0,576,0,,,0.0,,,,0,0,,
label_attack,M4-no-time,ALL,0.6581132739660007,3456,276,2,3166,12,0.9928057553956835,0.9583333333333334,0.0006313131313131314,0.9752650176678446,0.9849854885662177,0.9805492900615179,12,0,10.0,27.249999999999996
label_attack,M4-no-time,DoS,0.6581132739660007,576,72,1,503,0,0.9863013698630136,1.0,0.001984126984126984,0.993103448275862,1.0,1.0,3,0,5.0,5.0
label_attack,M4-no-time,compromised-NF,0.6581132739660007,576,72,0,504,0,1.0,1.0,0.0,1.0,1.0,1.0,3,0,5.0,5.0
label_attack,M4-no-time,falsified-report,0.6581132739660007,576,72,0,504,0,1.0,1.0,0.0,1.0,1.0,0.9999999999999998,3,0,5.0,5.0
label_attack,M4-no-time,load-spike,0.6581132739660007,576,0,1,575,0,0.0,,0.001736111111111111,0.0,,,0,0,,
label_attack,M4-no-time,low-and-slow,0.6581132739660007,576,60,0,504,12,1.0,0.8333333333333334,0.0,0.9090909090909091,0.9359016754850087,0.9271434250956978,3,0,25.0,29.5
label_attack,M4-no-time,normal,0.6581132739660007,576,0,0,576,0,,,0.0,,,,0,0,,
label_attack,Drep-only,ALL,1.0,3456,124,0,3168,164,1.0,0.4305555555555556,0.0,0.6019417475728155,0.7460986821338382,0.55432930227494,6,6,18.333333333333332,38.75
label_attack,Drep-only,DoS,1.0,576,0,0,504,72,,0.0,0.0,0.0,0.5078813932980599,0.12986357549751998,0,3,,
label_attack,Drep-only,compromised-NF,1.0,576,0,0,504,72,,0.0,0.0,0.0,0.5363205467372134,0.12987615859439128,0,3,,
label_attack,Drep-only,falsified-report,1.0,576,72,0,504,0,1.0,1.0,0.0,1.0,1.0,1.0,3,0,5.0,5.0
label_attack,Drep-only,load-spike,1.0,576,0,0,576,0,,,0.0,,,,0,0,,
label_attack,Drep-only,low-and-slow,1.0,576,52,0,504,20,1.0,0.7222222222222222,0.0,0.8387096774193549,0.9662698412698413,0.9297942998605132,3,0,31.666666666666668,39.5
label_attack,Drep-only,normal,1.0,576,0,0,576,0,,,0.0,,,,0,0,,
label_falsification,M0,ALL,0.5524705199457595,3456,33,103,3209,111,0.2426470588235294,0.22916666666666666,0.03109903381642512,0.2357142857142857,0.6223748658078367,0.21591639074935526,6,0,55.833333333333336,93.75
label_falsification,M0,DoS,0.5524705199457595,576,0,15,561,0,0.0,,0.026041666666666668,0.0,,,0,0,,
label_falsification,M0,compromised-NF,0.5524705199457595,576,0,21,555,0,0.0,,0.036458333333333336,0.0,,,0,0,,
label_falsification,M0,falsified-report,0.5524705199457595,576,8,15,489,64,0.34782608695652173,0.1111111111111111,0.02976190476190476,0.16842105263157894,0.4585813492063493,0.169620761953319,3,0,63.333333333333336,93.5
label_falsification,M0,load-spike,0.5524705199457595,576,0,17,559,0,0.0,,0.029513888888888888,0.0,,,0,0,,
label_falsification,M0,low-and-slow,0.5524705199457595,576,25,16,488,47,0.6097560975609756,0.3472222222222222,0.031746031746031744,0.4424778761061947,0.6673555996472663,0.4691403609938298,3,0,48.333333333333336,84.0
label_falsification,M0,normal,0.5524705199457595,576,0,19,557,0,0.0,,0.03298611111111111,0.0,,,0,0,,
label_falsification,M1,ALL,0.5388008558349571,3456,29,89,3223,115,0.2457627118644068,0.2013888888888889,0.026871980676328504,0.22137404580152673,0.6389161466720343,0.19076087273347597,6,0,67.5,93.75
label_falsification,M1,DoS,0.5388008558349571,576,0,14,562,0,0.0,,0.024305555555555556,0.0,,,0,0,,
label_falsification,M1,compromised-NF,0.5388008558349571,576,0,12,564,0,0.0,,0.020833333333333332,0.0,,,0,0,,
label_falsification,M1,falsified-report,0.5388008558349571,576,5,21,483,67,0.19230769230769232,0.06944444444444445,0.041666666666666664,0.10204081632653061,0.47649360670194,0.13142197710268888,3,0,61.666666666666664,90.0
label_falsification,M1,load-spike,0.5388008558349571,576,0,12,564,0,0.0,,0.020833333333333332,0.0,,,0,0,,
label_falsification,M1,low-and-slow,0.5388008558349571,576,24,11,493,48,0.6857142857142857,0.3333333333333333,0.021825396825396824,0.4485981308411215,0.6690090388007054,0.44697146604537036,3,0,73.33333333333333,90.0
label_falsification,M1,normal,0.5388008558349571,576,0,19,557,0,0.0,,0.03298611111111111,0.0,,,0,0,,
label_falsification,M2,ALL,0.5487727857155102,3456,25,38,3274,119,0.3968253968253968,0.1736111111111111,0.011473429951690822,0.24154589371980675,0.6299273684916801,0.2184075762407646,4,2,66.25,88.5
label_falsification,M2,DoS,0.5487727857155102,576,0,7,569,0,0.0,,0.012152777777777778,0.0,,,0,0,,
label_falsification,M2,compromised-NF,0.5487727857155102,576,0,4,572,0,0.0,,0.006944444444444444,0.0,,,0,0,,
label_falsification,M2,falsified-report,0.5487727857155102,576,1,9,495,71,0.1,0.013888888888888888,0.017857142857142856,0.024390243902439025,0.44560185185185186,0.1190507240196162,1,2,45.0,45.0
label_falsification,M2,load-spike,0.5487727857155102,576,0,6,570,0,0.0,,0.010416666666666666,0.0,,,0,0,,
label_falsification,M2,low-and-slow,0.5487727857155102,576,24,6,498,48,0.8,0.3333333333333333,0.011904761904761904,0.47058823529411764,0.6830908289241623,0.4790910666891985,3,0,73.33333333333333,89.0
label_falsification,M2,normal,0.5487727857155102,576,0,6,570,0,0.0,,0.010416666666666666,0.0,,,0,0,,
label_falsification,M3,ALL,0.5549263447293584,3456,26,24,3288,118,0.52,0.18055555555555555,0.007246376811594203,0.26804123711340205,0.6434409386741814,0.23758741833736902,4,2,62.5,79.25
label_falsification,M3,DoS,0.5549263447293584,576,0,2,574,0,0.0,,0.003472222222222222,0.0,,,0,0,,
label_falsification,M3,compromised-NF,0.5549263447293584,576,0,4,572,0,0.0,,0.006944444444444444,0.0,,,0,0,,
label_falsification,M3,falsified-report,0.5549263447293584,576,1,9,495,71,0.1,0.013888888888888888,0.017857142857142856,0.024390243902439025,0.46301807760141095,0.12840774073759592,1,2,45.0,45.0
label_falsification,M3,load-spike,0.5549263447293584,576,0,4,572,0,0.0,,0.006944444444444444,0.0,,,0,0,,
label_falsification,M3,low-and-slow,0.5549263447293584,576,25,4,500,47,0.8620689655172413,0.3472222222222222,0.007936507936507936,0.49504950495049505,0.6864252645502645,0.5012472676551968,3,0,68.33333333333333,79.5
label_falsification,M3,normal,0.5549263447293584,576,0,1,575,0,0.0,,0.001736111111111111,0.0,,,0,0,,
label_falsification,M4,ALL,0.619443938921047,3456,132,8,3304,12,0.9428571428571428,0.9166666666666666,0.0024154589371980675,0.9295774647887324,0.9766736278851315,0.9564076234178419,6,0,13.333333333333334,23.75
label_falsification,M4,DoS,0.619443938921047,576,0,1,575,0,0.0,,0.001736111111111111,0.0,,,0,0,,
label_falsification,M4,compromised-NF,0.619443938921047,576,0,0,576,0,,,0.0,,,,0,0,,
label_falsification,M4,falsified-report,0.619443938921047,576,72,1,503,0,0.9863013698630136,1.0,0.001984126984126984,0.993103448275862,0.999944885361552,0.9996168400135292,3,0,5.0,5.0
label_falsification,M4,load-spike,0.619443938921047,576,0,3,573,0,0.0,,0.005208333333333333,0.0,,,0,0,,
label_falsification,M4,low-and-slow,0.619443938921047,576,60,1,503,12,0.9836065573770492,0.8333333333333334,0.001984126984126984,0.9022556390977443,0.9476410934744268,0.9302342686463638,3,0,21.666666666666668,24.5
label_falsification,M4,normal,0.619443938921047,576,0,2,574,0,0.0,,0.003472222222222222,0.0,,,0,0,,
label_falsification,M4-no-KIE,ALL,0.6164578353840433,3456,133,6,3306,11,0.9568345323741008,0.9236111111111112,0.0018115942028985507,0.9399293286219081,0.9742466368089102,0.9564341836532012,6,0,13.333333333333334,23.75
label_falsification,M4-no-KIE,DoS,0.6164578353840433,576,0,1,575,0,0.0,,0.001736111111111111,0.0,,,0,0,,
label_falsification,M4-no-KIE,compromised-NF,0.6164578353840433,576,0,0,576,0,,,0.0,,,,0,0,,
label_falsification,M4-no-KIE,falsified-report,0.6164578353840433,576,72,1,503,0,0.9863013698630136,1.0,0.001984126984126984,0.993103448275862,1.0,0.9999999999999998,3,0,5.0,5.0
label_falsification,M4-no-KIE,load-spike,0.6164578353840433,576,0,3,573,0,0.0,,0.005208333333333333,0.0,,,0,0,,
label_falsification,M4-no-KIE,low-and-slow,0.6164578353840433,576,61,1,503,11,0.9838709677419355,0.8472222222222222,0.001984126984126984,0.9104477611940298,0.94185405643739,0.9284258416408869,3,0,21.666666666666668,24.5
label_falsification,M4-no-KIE,normal,0.6164578353840433,576,0,0,576,0,,,0.0,,,,0,0,,
label_falsification,M4-no-peer,ALL,0.5667108455385163,3456,134,7,3305,10,0.950354609929078,0.9305555555555556,0.002113526570048309,0.9403508771929825,0.9738933340042941,0.956317614372528,6,0,13.333333333333334,23.75
label_falsification,M4-no-peer,DoS,0.5667108455385163,576,0,1,575,0,0.0,,0.001736111111111111,0.0,,,0,0,,
label_falsification,M4-no-peer,compromised-NF,0.5667108455385163,576,0,0,576,0,,,0.0,,,,0,0,,
label_falsification,M4-no-peer,falsified-report,0.5667108455385163,576,72,1,503,0,0.9863013698630136,1.0,0.001984126984126984,0.993103448275862,1.0,0.9999999999999998,3,0,5.0,5.0
label_falsification,M4-no-peer,load-spike,0.5667108455385163,576,0,3,573,0,0.0,,0.005208333333333333,0.0,,,0,0,,
label_falsification,M4-no-peer,low-and-slow,0.5667108455385163,576,62,2,502,10,0.96875,0.8611111111111112,0.003968253968253968,0.9117647058823529,0.9397872574955908,0.9273088296828379,3,0,21.666666666666668,24.5
label_falsification,M4-no-peer,normal,0.5667108455385163,576,0,0,576,0,,,0.0,,,,0,0,,
label_falsification,M4-no-time,ALL,0.6138507331827225,3456,134,5,3307,10,0.9640287769784173,0.9305555555555556,0.0015096618357487923,0.9469964664310954,0.9807560050993023,0.9579600961416606,6,0,13.333333333333334,23.75
label_falsification,M4-no-time,DoS,0.6138507331827225,576,0,1,575,0,0.0,,0.001736111111111111,0.0,,,0,0,,
label_falsification,M4-no-time,compromised-NF,0.6138507331827225,576,0,1,575,0,0.0,,0.001736111111111111,0.0,,,0,0,,
label_falsification,M4-no-time,falsified-report,0.6138507331827225,576,72,0,504,0,1.0,1.0,0.0,1.0,1.0,0.9999999999999999,3,0,5.0,5.0
label_falsification,M4-no-time,load-spike,0.6138507331827225,576,0,2,574,0,0.0,,0.003472222222222222,0.0,,,0,0,,
label_falsification,M4-no-time,low-and-slow,0.6138507331827225,576,62,1,503,10,0.9841269841269841,0.8611111111111112,0.001984126984126984,0.9185185185185185,0.9579888668430335,0.9336192502262777,3,0,21.666666666666668,24.5
label_falsification,M4-no-time,normal,0.6138507331827225,576,0,0,576,0,,,0.0,,,,0,0,,
label_falsification,Drep-only,ALL,1.0,3456,124,0,3312,20,1.0,0.8611111111111112,0.0,0.9253731343283582,0.9807203603059582,0.9553850126339867,6,0,18.333333333333332,38.75
label_falsification,Drep-only,DoS,1.0,576,0,0,576,0,,,0.0,,,,0,0,,
label_falsification,Drep-only,compromised-NF,1.0,576,0,0,576,0,,,0.0,,,,0,0,,
label_falsification,Drep-only,falsified-report,1.0,576,72,0,504,0,1.0,1.0,0.0,1.0,1.0,1.0,3,0,5.0,5.0
label_falsification,Drep-only,load-spike,1.0,576,0,0,576,0,,,0.0,,,,0,0,,
label_falsification,Drep-only,low-and-slow,1.0,576,52,0,504,20,1.0,0.7222222222222222,0.0,0.8387096774193549,0.9611855158730159,0.9312570300822042,3,0,31.666666666666668,39.5
label_falsification,Drep-only,normal,1.0,576,0,0,576,0,,,0.0,,,,0,0,,
