target,model,train_s,predict_us_per_row
label_attack,M0,0.7279498999996576,15.685648152073016
label_attack,M1,0.6406350999895949,20.46137152504983
label_attack,M2,0.6443650000001071,21.501851851671407
label_attack,M3,0.6080091000039829,20.80671296240595
label_attack,M4,0.5801329999958398,20.750810184229824
label_attack,M4-no-KIE,0.6433046000020113,13.714149304178136
label_attack,M4-no-peer,0.6944520999968518,21.597366896828504
label_attack,M4-no-time,0.5397117000102298,22.299652776517313
label_attack,Drep-only,0.5872921999980463,20.039033563113694
label_falsification,M0,0.6520886999933282,19.633564816272322
label_falsification,M1,0.6324002000037581,21.77245370502432
label_falsification,M2,0.5944725000008475,17.633072919428134
label_falsification,M3,0.6797998000110965,21.831307869298918
label_falsification,M4,0.6604972999921301,21.01779513715748
label_falsification,M4-no-KIE,0.6580072999931872,21.55526620602662
label_falsification,M4-no-peer,0.6971497999911662,20.57491319731155
label_falsification,M4-no-time,0.5991682000021683,17.533883098824138
label_falsification,Drep-only,0.6229259999963688,24.812355326907387
